{"cameraMode":{"drawMode":0,"name":"Shaded","section":"Shading Mode"},"sceneLighting":false,"audioPlay":false,"sceneViewState":{"m_AlwaysRefresh":false,"showFog":true,"showSkybox":false,"showFlares":true,"showImageEffects":true,"showParticleSystems":true,"showVisualEffectGraphs":true,"m_FxEnabled":true},"in2DMode":false,"pivot":{"x":-5.960464477539063e-8,"y":0.7942472696304321,"z":0.0015098154544830323},"rotation":{"x":0.27947181463241579,"y":0.6103151440620422,"z":-0.24362647533416749,"w":0.7000812292098999},"size":1.177674651145935,"orthographic":false}