{"cameraMode":{"drawMode":0,"name":"Shaded","section":"Shading Mode"},"sceneLighting":false,"audioPlay":false,"sceneViewState":{"m_AlwaysRefresh":false,"showFog":true,"showSkybox":false,"showFlares":true,"showImageEffects":true,"showParticleSystems":true,"showVisualEffectGraphs":true,"m_FxEnabled":true},"in2DMode":false,"pivot":{"x":1542.0997314453125,"y":85.07730102539063,"z":-356.2651672363281},"rotation":{"x":0.010805883444845677,"y":0.022495873272418977,"z":-0.0002507390745449811,"w":0.9997167587280273},"size":98.0545654296875,"orthographic":false}