{"cameraMode":{"drawMode":0,"name":"Shaded","section":"Shading Mode"},"sceneLighting":false,"audioPlay":false,"sceneViewState":{"m_AlwaysRefresh":false,"showFog":true,"showSkybox":false,"showFlares":true,"showImageEffects":true,"showParticleSystems":true,"showVisualEffectGraphs":true,"m_FxEnabled":true},"in2DMode":false,"pivot":{"x":2.8274049758911135,"y":1.7635583877563477,"z":0.26455986499786379},"rotation":{"x":0.003088410012423992,"y":0.9943469166755676,"z":-0.10208634287118912,"w":0.030136605724692346},"size":3.86857533454895,"orthographic":false}