{"cameraMode":{"drawMode":0,"name":"Shaded","section":"Shading Mode"},"sceneLighting":false,"audioPlay":false,"sceneViewState":{"m_AlwaysRefresh":false,"showFog":true,"showSkybox":false,"showFlares":true,"showImageEffects":true,"showParticleSystems":true,"showVisualEffectGraphs":true,"m_FxEnabled":true},"in2DMode":false,"pivot":{"x":659.9638671875,"y":426.87811279296877,"z":-291.4764709472656},"rotation":{"x":0.00006596189632546157,"y":0.9795282483100891,"z":-0.000302477361401543,"w":0.20141559839248658},"size":328.6334533691406,"orthographic":false}